ID,Region,Looping,HolidayNameID,HolidayDescriptionID,Priority,CalendarFilterType,Flags,WorldStateExpressionID,Duration_0,Duration_1,Duration_2,Duration_3,Duration_4,Duration_5,Duration_6,Duration_7,Duration_8,Duration_9,Date_0,Date_1,Date_2,Date_3,Date_4,Date_5,Date_6,Date_7,Date_8,Date_9,Date_10,Date_11,Date_12,Date_13,Date_14,Date_15,Date_16,Date_17,Date_18,Date_19,Date_20,Date_21,Date_22,Date_23,Date_24,Date_25,CalendarFlags_0,CalendarFlags_1,CalendarFlags_2,CalendarFlags_3,CalendarFlags_4,CalendarFlags_5,CalendarFlags_6,CalendarFlags_7,CalendarFlags_8,CalendarFlags_9,TextureFileDataID_0,TextureFileDataID_1,TextureFileDataID_2
62,0,0,12,11,3,3,1,0,18,0,0,0,0,0,0,0,0,0,526449280,0,0,0,0,0,0,0,0,0,0,0,0,0,0,0,0,0,0,0,0,0,0,0,0,0,3,0,0,0,0,0,0,0,0,0,0,0,0
141,0,0,14,13,75,3,1,0,432,0,0,0,0,0,0,0,0,0,531872384,0,0,0,0,0,0,0,0,0,0,0,0,0,0,0,0,0,0,0,0,0,0,0,0,0,3,0,0,0,0,0,0,0,0,0,235485,235484,235482
181,0,0,15,14,2,3,1,0,168,0,0,0,0,0,0,0,0,0,120700928,338884608,154550272,372520960,389167104,405256192,220692480,238338048,254869504,270958592,422901760,439433216,455538688,0,0,0,0,0,0,0,0,0,0,0,0,0,3,0,0,0,0,0,0,0,0,0,235477,235476,235475
201,0,0,13,12,2,3,1,0,168,0,0,0,0,0,0,0,0,0,71319552,88080384,104284160,121044992,138461184,155222016,171982848,188743680,204931072,390085248,406878848,423033472,439794304,457226880,0,0,0,0,0,0,0,0,0,0,0,0,3,0,0,0,0,0,0,0,0,0,235445,235444,235443
283,0,1,22,22,0,2,1,0,96,1752,0,0,0,0,0,0,0,0,410023936,0,0,0,0,0,0,0,0,0,0,0,0,0,0,0,0,0,0,0,0,0,0,0,0,0,3,0,0,0,0,0,0,0,0,0,0,0,0
284,0,1,25,25,0,2,1,0,96,1752,0,0,0,0,0,0,0,0,355727360,0,0,0,0,0,0,0,0,0,0,0,0,0,0,0,0,0,0,0,0,0,0,0,0,0,3,0,0,0,0,0,0,0,0,0,0,0,0
285,0,1,23,23,0,2,1,0,96,1752,0,0,0,0,0,0,0,0,355842048,0,0,0,0,0,0,0,0,0,0,0,0,0,0,0,0,0,0,0,0,0,0,0,0,0,3,0,0,0,0,0,0,0,0,0,0,0,0
301,0,0,6,4,0,0,0,28870,2,0,0,0,0,0,0,0,0,0,536855424,0,0,0,0,0,0,0,0,0,0,0,0,0,0,0,0,0,0,0,0,0,0,0,0,0,3,0,0,0,0,0,0,0,0,0,235458,0,0
321,0,0,17,16,2,3,1,0,168,0,0,0,0,0,0,0,0,0,327301120,344389632,361035776,377567232,159823872,411252736,193034240,394688512,428898304,444938240,0,0,0,0,0,0,0,0,0,0,0,0,0,0,0,0,3,0,0,0,0,0,0,0,0,0,235465,235464,235463
324,0,0,16,15,3,3,1,0,337,0,0,0,0,0,0,0,0,0,529824384,0,0,0,0,0,0,0,0,0,0,0,0,0,0,0,0,0,0,0,0,0,0,0,0,0,3,0,0,0,0,0,0,0,0,0,235462,235461,235460
327,0,0,18,17,3,3,1,0,504,0,0,0,0,0,0,0,0,0,101104000,118749568,135346560,151386496,169048448,184924160,201684992,218429440,335935872,353450368,369588608,386201984,403749248,419887488,437516672,454064512,0,0,0,0,0,0,0,0,0,0,3,0,0,0,0,0,0,0,0,0,235471,235470,235469
335,0,0,9,9,2,3,1,0,120,0,0,0,0,0,0,0,0,0,0,0,0,0,0,0,0,0,0,0,0,0,0,0,0,0,0,0,0,0,0,0,0,0,0,0,3,0,0,0,0,0,0,0,0,0,235468,235467,235466
341,0,0,11,10,2,3,1,0,336,0,0,0,0,0,0,0,0,0,525678848,0,0,0,0,0,0,0,0,0,0,0,0,0,0,0,0,0,0,0,0,0,0,0,0,0,3,0,0,0,0,0,0,0,0,0,235474,235473,235472
353,0,1,24,24,0,2,1,0,96,1752,0,0,0,0,0,0,0,0,355612672,0,0,0,0,0,0,0,0,0,0,0,0,0,0,0,0,0,0,0,0,0,0,0,0,0,3,0,0,0,0,0,0,0,0,0,0,0,0
372,0,0,7,8,2,3,1,0,168,384,0,0,0,0,0,0,0,0,528693888,0,0,0,0,0,0,0,0,0,0,0,0,0,0,0,0,0,0,0,0,0,0,0,0,0,0,3,0,0,0,0,0,0,0,0,235442,235441,235440
374,0,0,1,1,1,1,0,0,48,168,0,0,0,0,0,0,0,0,0,0,0,0,0,0,0,0,0,0,0,0,0,0,0,0,0,0,0,0,0,0,0,0,0,0,0,3,0,0,0,0,0,0,0,0,235448,235447,235446
375,0,0,1,26,1,1,0,0,48,168,0,0,0,0,0,0,0,0,0,0,0,0,0,0,0,0,0,0,0,0,0,0,0,0,0,0,0,0,0,0,0,0,0,0,0,3,0,0,0,0,0,0,0,0,235451,235450,235449
376,0,0,1,27,1,1,0,0,48,168,0,0,0,0,0,0,0,0,0,0,0,0,0,0,0,0,0,0,0,0,0,0,0,0,0,0,0,0,0,0,0,0,0,0,0,3,0,0,0,0,0,0,0,0,235455,235454,235453
398,0,0,21,21,0,3,1,0,24,0,0,0,0,0,0,0,0,0,528792192,0,0,0,0,0,0,0,0,0,0,0,0,0,0,0,0,0,0,0,0,0,0,0,0,0,3,0,0,0,0,0,0,0,0,0,235481,0,0
400,0,1,41,41,0,2,1,0,96,1752,0,0,0,0,0,0,0,0,355956736,0,0,0,0,0,0,0,0,0,0,0,0,0,0,0,0,0,0,0,0,0,0,0,0,0,3,0,0,0,0,0,0,0,0,0,0,0,0
404,0,0,101,101,2,3,1,0,167,0,0,0,0,0,0,0,0,0,161824832,178585664,195346496,212090944,379942976,396703808,413562944,430323776,447084608,0,0,0,0,0,0,0,0,0,0,0,0,0,0,0,0,0,3,0,0,0,0,0,0,0,0,0,235465,235464,235463
406,0,0,61,61,0,3,0,0,0,0,0,0,0,0,0,0,0,0,144914432,0,0,0,0,0,0,0,0,0,0,0,0,0,0,0,0,0,0,0,0,0,0,0,0,0,3,0,0,0,0,0,0,0,0,0,249163,0,0
409,1999,0,81,81,2,3,1,0,48,0,0,0,0,0,0,0,0,0,530594432,0,0,0,0,0,0,0,0,0,0,0,0,0,0,0,0,0,0,0,0,0,0,0,0,0,3,0,0,0,0,0,0,0,0,0,307365,840589,307364
420,0,1,121,121,0,2,1,0,96,1752,0,0,0,0,0,0,0,0,356628480,0,0,0,0,0,0,0,0,0,0,0,0,0,0,0,0,0,0,0,0,0,0,0,0,0,3,0,0,0,0,0,0,0,0,0,0,0,0
423,0,0,9,9,2,3,1,0,336,0,0,0,0,0,0,0,0,0,168919040,185679872,202440704,219185152,387021440,403782272,420526720,437402240,454163072,0,0,0,0,0,0,0,0,0,0,0,0,0,0,0,0,0,3,0,0,0,0,0,0,0,0,0,235468,235467,235466
424,0,0,161,161,0,0,1,0,1,0,0,0,0,0,0,0,0,0,100660096,0,0,0,0,0,0,0,0,0,0,0,0,0,0,0,0,0,0,0,0,0,0,0,0,0,3,0,0,0,0,0,0,0,0,0,235458,0,0
435,0,1,162,162,0,2,1,0,96,1752,0,0,0,0,0,0,0,0,128286720,0,0,0,0,0,0,0,0,0,0,0,0,0,0,0,0,0,0,0,0,0,0,0,0,0,3,0,0,0,0,0,0,0,0,0,0,0,0
436,0,1,163,163,0,2,1,0,96,1752,0,0,0,0,0,0,0,0,128401408,0,0,0,0,0,0,0,0,0,0,0,0,0,0,0,0,0,0,0,0,0,0,0,0,0,3,0,0,0,0,0,0,0,0,0,0,0,0
442,0,1,165,165,0,2,1,0,168,168,0,0,0,0,0,0,0,0,0,0,0,0,0,0,0,0,0,0,0,0,0,0,0,0,0,0,0,0,0,0,0,0,0,0,3,0,0,0,0,0,0,0,0,0,0,0,0
443,0,0,166,166,0,2,1,0,168,336,0,0,0,0,0,0,0,0,0,0,0,0,0,0,0,0,0,0,0,0,0,0,0,0,0,0,0,0,0,0,0,0,0,0,3,0,0,0,0,0,0,0,0,0,0,0,0
467,0,0,203,188,0,3,1,0,336,0,0,0,0,0,0,0,0,0,195360768,0,0,0,0,0,0,0,0,0,0,0,0,0,0,0,0,0,0,0,0,0,0,0,0,0,3,0,0,0,0,0,0,0,0,0,0,0,0
479,0,0,1,201,1,1,0,0,48,168,0,0,0,0,0,0,0,0,442660864,442890240,443660288,443889664,444659712,444889088,445675520,445904896,446134272,446904320,447133696,447920128,448149504,453113856,453343232,454113280,454342656,455161856,455391232,456161280,456390656,456620032,457406464,457635840,458405888,458635264,0,3,0,0,0,0,0,0,0,0,235448,235447,235446
484,0,0,220,188,0,3,1,0,336,0,0,0,0,0,0,0,0,0,212105216,0,0,0,0,0,0,0,0,0,0,0,0,0,0,0,0,0,0,0,0,0,0,0,0,0,3,0,0,0,0,0,0,0,0,0,0,0,0
488,0,1,222,204,0,2,1,0,96,1752,0,0,0,0,0,0,0,0,129087488,0,0,0,0,0,0,0,0,0,0,0,0,0,0,0,0,0,0,0,0,0,0,0,0,0,3,0,0,0,0,0,0,0,0,0,0,0,0
489,0,1,223,205,0,2,1,0,96,1752,0,0,0,0,0,0,0,0,129202176,0,0,0,0,0,0,0,0,0,0,0,0,0,0,0,0,0,0,0,0,0,0,0,0,0,3,0,0,0,0,0,0,0,0,0,0,0,0
490,0,1,22,22,0,2,1,0,72,1776,0,0,0,0,0,0,0,0,129038336,0,0,0,0,0,0,0,0,0,0,0,0,0,0,0,0,0,0,0,0,0,0,0,0,0,3,0,0,0,0,0,0,0,0,0,0,0,0
491,0,1,23,23,0,2,1,0,72,1776,0,0,0,0,0,0,0,0,128251904,0,0,0,0,0,0,0,0,0,0,0,0,0,0,0,0,0,0,0,0,0,0,0,0,0,3,0,0,0,0,0,0,0,0,0,0,0,0
492,0,1,24,24,0,2,1,0,72,1776,0,0,0,0,0,0,0,0,128366592,0,0,0,0,0,0,0,0,0,0,0,0,0,0,0,0,0,0,0,0,0,0,0,0,0,3,0,0,0,0,0,0,0,0,0,0,0,0
493,0,1,121,121,0,2,1,0,72,1776,0,0,0,0,0,0,0,0,129382400,0,0,0,0,0,0,0,0,0,0,0,0,0,0,0,0,0,0,0,0,0,0,0,0,0,3,0,0,0,0,0,0,0,0,0,0,0,0
494,0,1,222,204,0,2,1,0,72,1776,0,0,0,0,0,0,0,0,127367168,0,0,0,0,0,0,0,0,0,0,0,0,0,0,0,0,0,0,0,0,0,0,0,0,0,3,0,0,0,0,0,0,0,0,0,0,0,0
495,0,1,41,41,0,2,1,0,72,1776,0,0,0,0,0,0,0,0,129267712,0,0,0,0,0,0,0,0,0,0,0,0,0,0,0,0,0,0,0,0,0,0,0,0,0,3,0,0,0,0,0,0,0,0,0,0,0,0
496,0,1,223,205,0,2,1,0,72,1776,0,0,0,0,0,0,0,0,128022528,0,0,0,0,0,0,0,0,0,0,0,0,0,0,0,0,0,0,0,0,0,0,0,0,0,3,0,0,0,0,0,0,0,0,0,0,0,0
497,0,1,162,162,0,2,1,0,72,1776,0,0,0,0,0,0,0,0,127123456,0,0,0,0,0,0,0,0,0,0,0,0,0,0,0,0,0,0,0,0,0,0,0,0,0,3,0,0,0,0,0,0,0,0,0,0,0,0
498,0,1,163,163,0,2,1,0,72,1776,0,0,0,0,0,0,0,0,127238144,0,0,0,0,0,0,0,0,0,0,0,0,0,0,0,0,0,0,0,0,0,0,0,0,0,3,0,0,0,0,0,0,0,0,0,0,0,0
499,0,1,25,25,0,2,1,0,72,1776,0,0,0,0,0,0,0,0,129153024,0,0,0,0,0,0,0,0,0,0,0,0,0,0,0,0,0,0,0,0,0,0,0,0,0,3,0,0,0,0,0,0,0,0,0,0,0,0
507,0,0,0,0,0,3,0,0,1,0,0,0,0,0,0,0,0,0,536855872,536856000,0,0,0,0,0,0,0,0,0,0,0,0,0,0,0,0,0,0,0,0,0,0,0,0,3,0,0,0,0,0,0,0,0,0,0,0,0
508,0,0,0,0,0,3,0,0,7,0,0,0,0,0,0,0,0,0,536855552,0,0,0,0,0,0,0,0,0,0,0,0,0,0,0,0,0,0,0,0,0,0,0,0,0,3,0,0,0,0,0,0,0,0,0,0,0,0
509,0,0,229,188,0,3,1,0,336,0,0,0,0,0,0,0,0,0,228870784,0,0,0,0,0,0,0,0,0,0,0,0,0,0,0,0,0,0,0,0,0,0,0,0,0,3,0,0,0,0,0,0,0,0,0,0,0,0
514,0,0,231,188,0,3,1,0,336,0,0,0,0,0,0,0,0,0,245631616,0,0,0,0,0,0,0,0,0,0,0,0,0,0,0,0,0,0,0,0,0,0,0,0,0,3,0,0,0,0,0,0,0,0,0,1084434,1084433,1084432
515,0,1,230,215,0,2,1,0,96,1752,0,0,0,0,0,0,0,0,129316864,0,0,0,0,0,0,0,0,0,0,0,0,0,0,0,0,0,0,0,0,0,0,0,0,0,3,0,0,0,0,0,0,0,0,0,0,0,0
516,0,1,230,215,0,2,1,0,72,1776,0,0,0,0,0,0,0,0,128137216,0,0,0,0,0,0,0,0,0,0,0,0,0,0,0,0,0,0,0,0,0,0,0,0,0,3,0,0,0,0,0,0,0,0,0,0,0,0
517,0,0,0,0,0,3,0,0,7,0,0,0,0,0,0,0,0,0,536855680,0,0,0,0,0,0,0,0,0,0,0,0,0,0,0,0,0,0,0,0,0,0,0,0,0,3,0,0,0,0,0,0,0,0,0,0,0,0
518,0,0,0,0,0,3,0,0,1,0,0,0,0,0,0,0,0,0,536855744,536855894,0,0,0,0,0,0,0,0,0,0,0,0,0,0,0,0,0,0,0,0,0,0,0,0,3,0,0,0,0,0,0,0,0,0,0,0,0
519,0,0,0,0,0,3,0,0,1,0,0,0,0,0,0,0,0,0,536855808,536855936,0,0,0,0,0,0,0,0,0,0,0,0,0,0,0,0,0,0,0,0,0,0,0,0,3,0,0,0,0,0,0,0,0,0,0,0,0
1193,528,0,0,0,0,0,14,0,72,0,0,0,0,0,0,0,0,0,0,0,0,0,0,0,0,0,0,0,0,0,0,0,0,0,0,0,0,0,0,0,0,0,0,0,0,0,0,0,0,0,0,0,0,0,0,0,0
1223,784,0,0,0,0,0,14,0,0,0,0,0,0,0,0,0,0,0,0,0,0,0,0,0,0,0,0,0,0,0,0,0,0,0,0,0,0,0,0,0,0,0,0,0,0,0,0,0,0,0,0,0,0,0,0,0,0
1318,2017,0,0,0,0,0,15,0,1517,0,0,0,0,0,0,0,0,0,375798400,0,0,0,0,0,0,0,0,0,0,0,0,0,0,0,0,0,0,0,0,0,0,0,0,0,0,0,0,0,0,0,0,0,0,0,0,0,0
1319,0,0,0,0,0,0,111,0,30,0,0,0,0,0,0,0,0,0,536868864,536869056,536869248,536869440,536869632,536869824,536870016,536870208,0,0,0,0,0,0,0,0,0,0,0,0,0,0,0,0,0,0,0,0,0,0,0,0,0,0,0,0,0,0,0
1320,24,0,0,0,0,0,15,0,1517,0,0,0,0,0,0,0,0,0,375814208,0,0,0,0,0,0,0,0,0,0,0,0,0,0,0,0,0,0,0,0,0,0,0,0,0,0,0,0,0,0,0,0,0,0,0,0,0,0
1321,4,0,0,0,0,0,15,0,1517,0,0,0,0,0,0,0,0,0,375798976,0,0,0,0,0,0,0,0,0,0,0,0,0,0,0,0,0,0,0,0,0,0,0,0,0,0,0,0,0,0,0,0,0,0,0,0,0,0
1322,2,0,0,0,0,0,15,0,1517,0,0,0,0,0,0,0,0,0,375814272,0,0,0,0,0,0,0,0,0,0,0,0,0,0,0,0,0,0,0,0,0,0,0,0,0,0,0,0,0,0,0,0,0,0,0,0,0,0
1360,2047,0,0,0,0,0,15,0,840,0,0,0,0,0,0,0,0,0,380844032,0,0,0,0,0,0,0,0,0,0,0,0,0,0,0,0,0,0,0,0,0,0,0,0,0,0,0,0,0,0,0,0,0,0,0,0,0,0
1393,2047,0,0,0,0,0,15,0,672,0,0,0,0,0,0,0,0,0,390445056,0,0,0,0,0,0,0,0,0,0,0,0,0,0,0,0,0,0,0,0,0,0,0,0,0,0,0,0,0,0,0,0,0,0,0,0,0,0
1394,2047,0,0,0,0,0,15,0,4400,0,0,0,0,0,0,0,0,0,394344448,0,0,0,0,0,0,0,0,0,0,0,0,0,0,0,0,0,0,0,0,0,0,0,0,0,0,0,0,0,0,0,0,0,0,0,0,0,0
1499,0,0,0,0,0,0,47,0,30,0,0,0,0,0,0,0,0,0,536868928,536869120,536869312,536869504,536869696,536869888,536870080,536870272,0,0,0,0,0,0,0,0,0,0,0,0,0,0,0,0,0,0,0,0,0,0,0,0,0,0,0,0,0,0,0
1545,784,0,0,0,0,0,15,0,907,0,0,0,0,0,0,0,0,0,408303936,0,0,0,0,0,0,0,0,0,0,0,0,0,0,0,0,0,0,0,0,0,0,0,0,0,0,0,0,0,0,0,0,0,0,0,0,0,0
1598,2047,0,0,0,0,0,15,0,504,0,0,0,0,0,0,0,0,0,412219392,0,0,0,0,0,0,0,0,0,0,0,0,0,0,0,0,0,0,0,0,0,0,0,0,0,0,0,0,0,0,0,0,0,0,0,0,0,0
1661,2047,0,0,0,0,0,15,0,672,0,0,0,0,0,0,0,0,0,419772416,0,0,0,0,0,0,0,0,0,0,0,0,0,0,0,0,0,0,0,0,0,0,0,0,0,0,0,0,0,0,0,0,0,0,0,0,0,0
1677,1855,0,0,0,0,0,15,0,816,0,0,0,0,0,0,0,0,0,424065024,0,0,0,0,0,0,0,0,0,0,0,0,0,0,0,0,0,0,0,0,0,0,0,0,0,0,0,0,0,0,0,0,0,0,0,0,0,0
1702,784,0,0,0,0,0,15,0,672,0,0,0,0,0,0,0,0,0,425998784,0,0,0,0,0,0,0,0,0,0,0,0,0,0,0,0,0,0,0,0,0,0,0,0,0,0,0,0,0,0,0,0,0,0,0,0,0,0
1791,1855,0,0,0,0,0,15,0,535,0,0,0,0,0,0,0,0,0,430192640,0,0,0,0,0,0,0,0,0,0,0,0,0,0,0,0,0,0,0,0,0,0,0,0,0,0,0,0,0,0,0,0,0,0,0,0,0,0
1823,1839,0,0,0,0,0,15,0,1015,0,0,0,0,0,0,0,0,0,439695360,0,0,0,0,0,0,0,0,0,0,0,0,0,0,0,0,0,0,0,0,0,0,0,0,0,0,0,0,0,0,0,0,0,0,0,0,0,0
