ID,Parent,Operator,Amount,Type,Asset,SecondaryAsset,TertiaryAsset
25,0,8,1,0,0,0,0
26,25,2,1,68,2,0,0
35,0,4,1,0,0,0,0
36,35,2,1,38,40,0,0
65,64,2,1,24,5,0,0
67,66,2,1,24,2,0,0
69,68,2,1,30,1,0,0
71,70,2,1,30,4,0,0
73,72,2,1,30,7,0,0
75,74,2,1,30,9,0,0
77,76,2,1,30,6,0,0
79,78,2,1,30,10,0,0
81,80,2,1,30,11,0,0
83,82,2,1,30,3,0,0
85,84,2,1,30,2,0,0
87,86,2,1,30,5,0,0
89,88,2,1,30,8,0,0
144,143,2,1,32,529,0,0
146,145,2,1,32,30,0,0
148,147,2,1,32,489,0,0
150,149,2,1,32,566,0,0
336,335,2,1,15,4,0,0
340,339,2,1,24,3,0,0
344,343,2,1,21,7,0,0
353,352,2,1,38,37,0,0
355,354,2,1,67,3785,0,0
365,364,2,1,96,7,8,0
417,416,2,1,38,49,0,0
473,472,2,1,7,0,0,0
591,590,2,1,32,1,0,0
593,592,2,1,32,0,0,0
595,594,2,1,32,530,0,0
597,596,2,1,32,571,0,0
599,598,2,1,32,861,0,0
601,600,2,1,32,870,0,0
1723,1722,2,1,63,0,0,0
3646,88,2,1,30,14,0,0
3705,3704,2,1,4,62988,0,0
4064,4063,2,1,68,2,0,0
4100,4099,2,1,68,1,0,0
11639,364,2,1,96,0,5,0
12029,12028,2,1,87,15198,0,0
12109,12108,2,1,122,2,0,0
12562,600,2,1,32,1064,0,0
22190,22189,2,1,68,23,0,0
23423,23422,2,1,15,2,0,0
23425,23424,2,1,15,3,0,0
23441,23440,2,1,15,5,0,0
61172,66,2,1,60,0,0,0
61173,339,2,1,60,0,0,0
100855,143,2,1,32,1681,0,0
100856,143,2,1,32,2177,0,0
100857,143,2,1,32,2107,0,0
101339,147,2,1,32,2106,0,0
117028,117027,2,1,32,1669,0,0
117029,117027,2,1,32,1642,0,0
117030,117027,2,1,32,1116,0,0
117031,117027,2,1,32,646,0,0
117032,117027,2,1,32,732,0,0
117033,117027,2,1,32,1220,0,0
117034,117027,2,1,32,1643,0,0
117035,117027,2,1,32,1718,0,0
118585,145,2,1,32,2197,0,0
138133,138132,2,1,293,0,0,0
139569,162973,2,1,2,81523,0,0
140105,138132,2,1,67,32157,0,0
140106,162973,2,1,67,32157,0,0
140313,140312,3,1,16,0,0,0
144431,144430,2,1,68,8,0,0
153656,153655,2,1,32,968,0,0
153657,117027,2,1,32,2222,0,0
153659,153658,2,1,122,3,0,0
153661,153660,2,1,122,4,0,0
162576,162574,2,1,67,34676,0,0
162577,162574,2,1,289,173,0,0
162579,162574,2,1,110,9838,0,0
162583,162581,2,1,67,34676,0,0
162584,162581,2,1,289,174,0,0
162586,162581,2,1,110,10901,0,0
162590,162588,2,1,67,34676,0,0
162591,162588,2,1,289,174,0,0
162593,162588,2,1,110,11116,0,0
162598,162596,2,1,67,34676,0,0
162599,162596,2,1,289,171,0,0
162601,162596,2,1,110,10445,0,0
162605,162603,2,1,67,34676,0,0
162606,162603,2,1,289,171,0,0
162608,162603,2,1,110,10985,0,0
162899,162898,2,1,297,0,0,0
162973,139568,4,1,0,0,0,0
162975,162974,2,1,2,89263,0,0
162977,162976,2,1,2,89938,0,0
162981,162973,3,1,114,180089,1,0
162982,162974,8,1,0,0,0,0
162983,162982,3,1,114,184865,1,0
162984,162982,3,1,114,38233,1,0
162985,162982,3,1,114,184871,1,0
162986,162976,3,1,114,32542,1,0
162987,162973,8,1,0,0,0,0
162988,162987,2,1,110,60870,0,0
162989,162987,2,1,110,60860,0,0
162991,162990,2,1,110,63448,0,0
162992,162990,2,1,110,63450,0,0
162993,162976,8,1,0,0,0,0
162994,162993,2,1,110,63768,0,0
162995,162993,2,1,110,63767,0,0
163001,163000,2,1,315,0,0,0
163003,171636,2,1,2,89975,0,0
163004,163811,2,1,110,63770,0,0
163005,164600,3,1,114,25535,1,0
163811,163002,8,1,0,0,0,0
163812,163811,2,1,110,63865,0,0
163814,163813,3,1,2,81527,0,0
164306,164305,3,1,104,351766,0,0
164307,164305,3,1,104,351768,0,0
164308,164305,3,1,104,351769,0,0
164309,164305,3,1,104,351770,0,0
164310,164305,3,1,104,351771,0,0
164484,164482,2,1,67,34676,0,0
164486,164482,2,1,105,30637,1,0
164487,164482,2,1,105,185686,1,0
164488,164482,2,1,105,30622,1,0
164489,164482,2,1,105,185687,1,0
164492,164490,2,1,67,34676,0,0
164494,164490,2,1,105,30623,1,0
164495,164490,2,1,105,185690,1,0
164515,164513,2,1,67,34676,0,0
164517,164513,2,1,105,30635,1,0
164518,164513,2,1,105,185693,1,0
164521,164519,2,1,67,34676,0,0
164523,164519,2,1,105,30634,1,0
164524,164519,2,1,105,185692,1,0
164527,164525,2,1,67,34676,0,0
164529,164525,2,1,105,30633,1,0
164530,164525,2,1,105,185691,1,0
164600,164599,4,1,0,0,0,0
164602,164601,4,1,0,0,0,0
164603,164602,2,1,67,3592,0,0
164604,164601,8,1,0,0,0,0
164605,164604,3,1,114,30360,1,0
164606,164604,3,1,114,25535,1,0
164892,164891,2,1,67,34676,0,0
164893,164891,2,1,110,10285,0,0
164899,164898,2,1,67,34676,0,0
164900,164898,2,1,110,10277,0,0
165739,165738,2,1,226,0,0,0
166048,166047,2,1,104,31842,0,0
166049,166047,2,1,104,33891,0,0
166050,166047,2,1,104,34861,0,0
166051,166047,2,1,104,33206,0,0
166052,166047,2,1,104,974,0,0
166054,166053,2,1,104,24858,0,0
166055,166053,2,1,26,8,0,0
166056,166053,2,1,26,9,0,0
166057,166053,2,1,104,15473,0,0
166058,166053,2,1,104,30706,0,0
166060,166059,2,1,8,768,0,0
166061,166059,2,1,104,35395,0,0
166062,166059,2,1,26,4,0,0
166063,166059,2,1,104,30823,0,0
166064,166059,3,1,104,20243,0,0
166164,166163,8,1,0,0,0,0
166165,166164,3,1,17,3703,0,0
166166,166164,3,1,17,3896,0,0
166167,166164,3,1,17,3897,0,0
166168,166164,3,1,17,3898,0,0
166169,166164,3,1,17,3899,0,0
166170,166163,4,1,0,0,0,0
166172,166170,2,1,67,34990,0,0
166312,166311,2,1,110,64033,0,0
166352,166355,3,1,110,64071,0,0
166353,166662,2,1,226,0,0,0
166354,166357,2,1,271,64050,0,0
166355,166351,4,1,0,0,0,0
166356,166355,3,1,226,0,0,0
166357,166661,8,1,0,0,0,0
166358,166357,2,1,110,64036,0,0
166359,166357,2,1,271,64034,0,0
166361,166360,4,1,0,0,0,0
166362,166665,2,1,226,0,0,0
166363,166361,8,1,0,0,0,0
166364,166363,2,1,271,64035,0,0
166365,166363,2,1,271,64052,0,0
166366,166363,2,1,110,64036,0,0
166368,166367,3,1,226,0,0,0
166377,166376,2,1,110,64033,0,0
166378,166376,2,1,114,185964,1,0
166380,166660,3,1,110,64035,0,0
166381,166660,3,1,110,64036,0,0
166383,166382,4,1,0,0,0,0
166384,166383,2,1,110,64038,0,0
166385,166383,2,1,226,0,0,0
166387,166386,3,1,226,0,0,0
166429,166357,2,1,110,64035,0,0
166465,166464,4,1,0,0,0,0
166466,166465,2,1,26,11,0,0
166467,166465,8,1,0,0,0,0
166468,166467,2,1,104,16689,0,0
166469,166467,2,1,104,16858,0,0
166470,166467,2,1,104,17056,0,0
166471,166467,2,1,104,17050,0,0
166472,166467,2,1,104,16934,0,0
166473,166467,2,1,104,16814,0,0
166556,166357,2,1,271,64051,0,0
166557,166357,2,1,110,64052,0,0
166558,166357,2,1,110,64053,0,0
166559,166363,2,1,271,64053,0,0
166570,166569,3,1,112,420495,0,0
166572,166571,3,1,112,420498,0,0
166574,166573,3,1,112,420499,0,0
166622,166569,3,1,112,420530,0,0
166623,166569,3,1,112,420521,0,0
166624,166571,3,1,112,420529,0,0
166625,166571,3,1,112,420522,0,0
166626,166573,3,1,112,420531,0,0
166627,166573,3,1,112,420523,0,0
166648,166647,4,1,0,0,0,0
166649,166648,2,1,110,64063,0,0
166650,166648,2,1,226,0,0,0
166652,166651,3,1,226,0,0,0
166657,166379,8,1,0,0,0,0
166658,166657,2,1,226,0,0,0
166659,166657,2,1,110,64071,0,0
166660,166379,4,1,0,0,0,0
166663,166662,2,1,110,64071,0,0
166664,166367,3,1,110,64071,0,0
166666,166665,2,1,110,64071,0,0
166683,166660,3,1,110,64052,0,0
166684,166660,3,1,110,64053,0,0
166968,166967,2,1,38,41,0,0
167008,167007,2,1,104,9853,0,0
167009,167007,2,1,104,14325,0,0
167010,167007,2,1,104,22783,0,0
167011,167007,2,1,104,19943,0,0
167012,167007,2,1,104,10912,0,0
167013,167007,2,1,104,11269,0,0
167014,167007,2,1,104,10473,0,0
167015,167007,2,1,104,11726,0,0
167016,167007,2,1,104,11581,0,0
167027,167025,2,1,232,1,0,0
167028,167025,2,1,232,2,0,0
167029,167025,2,1,232,3,0,0
167030,167025,2,1,232,4,0,0
167031,167025,2,1,232,5,0,0
167032,167025,2,1,232,6,0,0
167033,167025,2,1,232,7,0,0
167034,167025,2,1,232,8,0,0
167035,167025,2,1,232,9,0,0
167036,167025,2,1,232,10,0,0
167037,167025,2,1,232,11,0,0
167038,167025,2,1,232,12,0,0
167039,167025,2,1,232,13,0,0
167040,167025,2,1,232,14,0,0
167041,167025,2,1,232,15,0,0
167042,167025,2,1,232,16,0,0
167043,167025,2,1,232,17,0,0
167044,167025,2,1,232,18,0,0
167045,167025,2,1,232,19,0,0
167056,167055,2,1,71,58,0,0
167058,167057,2,1,84,64037,0,0
167059,167057,2,1,84,64064,0,0
167060,167057,2,1,84,64128,0,0
167061,167057,2,1,84,64038,0,0
167062,167057,2,1,84,64063,0,0
167105,167106,2,1,226,0,0,0
167106,167055,8,1,0,0,0,0
167107,167106,2,1,110,64071,0,0
167979,25,2,1,68,4,0,0
167980,25,2,1,68,174,0,0
167981,25,2,1,68,176,0,0
168329,168327,2,1,289,137,0,0
168410,168408,2,1,114,28442,1,0
168497,168495,2,1,289,160,0,0
168506,168505,2,1,160,0,0,0
168507,168505,2,1,161,0,0,0
168643,172665,2,1,289,156,0,0
168644,172665,2,1,87,15019,0,0
168646,168648,2,1,87,15020,0,0
168648,168645,4,1,0,0,0,0
168650,168652,2,1,87,15021,0,0
168652,168649,4,1,0,0,0,0
168655,168653,4,1,0,0,0,0
168656,168655,2,1,87,15022,0,0
169505,169504,2,1,223,1,0,0
170182,170181,3,1,289,158,0,0
170183,170181,2,1,289,155,0,0
171635,171634,2,1,326,0,0,0
171637,171636,2,1,2,92445,0,0
171640,171638,8,1,0,0,0,0
171641,171640,4,1,0,0,0,0
171642,171641,2,1,25,1,0,0
171643,171641,3,1,84,5805,0,0
171644,171641,3,1,114,14646,1,0
171646,171645,8,1,0,0,0,0
171647,171646,2,1,25,3,0,0
171648,171646,2,1,25,7,0,0
171649,171645,3,1,84,5841,0,0
171650,171645,3,1,114,14647,1,0
171652,171651,2,1,25,4,0,0
171653,171651,3,1,84,5842,0,0
171654,171651,3,1,114,14648,1,0
171656,171655,8,1,0,0,0,0
171657,171656,2,1,25,2,0,0
171658,171656,2,1,25,8,0,0
171659,171655,3,1,84,5843,0,0
171660,171655,3,1,114,14649,1,0
171662,171661,2,1,25,6,0,0
171663,171661,3,1,84,5844,0,0
171664,171661,3,1,114,14650,1,0
171666,171665,2,1,25,5,0,0
171667,171665,3,1,84,5847,0,0
171668,171665,3,1,114,14651,1,0
171670,171669,2,1,25,11,0,0
171671,171669,3,1,84,9278,0,0
171672,171669,3,1,114,22888,1,0
171674,171673,2,1,25,10,0,0
171675,171673,3,1,84,8547,0,0
171676,171673,3,1,114,20938,1,0
171678,171677,3,1,114,13584,1,0
171679,171677,3,1,114,13583,1,0
171680,171677,3,1,114,13582,1,0
171795,171794,4,1,0,0,0,0
171796,171795,2,1,2,92758,0,0
171797,171795,8,1,0,0,0,0
171798,171797,4,1,0,0,0,0
171799,171798,2,1,25,1,0,0
171800,171798,3,1,84,5805,0,0
171801,171798,3,1,114,14646,1,0
171803,171802,8,1,0,0,0,0
171804,171803,2,1,25,3,0,0
171805,171803,2,1,25,7,0,0
171806,171802,3,1,84,5841,0,0
171807,171802,3,1,114,14647,1,0
171809,171808,2,1,25,4,0,0
171810,171808,3,1,84,5842,0,0
171811,171808,3,1,114,14648,1,0
171813,171812,8,1,0,0,0,0
171814,171813,2,1,25,2,0,0
171815,171813,2,1,25,8,0,0
171816,171812,3,1,84,5843,0,0
171817,171812,3,1,114,14649,1,0
171819,171818,2,1,25,6,0,0
171820,171818,3,1,84,5844,0,0
171821,171818,3,1,114,14650,1,0
171823,171822,2,1,25,5,0,0
171824,171822,3,1,84,5847,0,0
171825,171822,3,1,114,14651,1,0
171827,171826,2,1,25,11,0,0
171828,171826,3,1,84,9278,0,0
171829,171826,3,1,114,22888,1,0
171831,171830,2,1,25,10,0,0
171832,171830,3,1,84,8547,0,0
171833,171830,3,1,114,20938,1,0
171834,171795,4,1,0,0,0,0
171835,171834,3,1,114,13584,1,0
171836,171834,3,1,114,13583,1,0
171837,171834,3,1,114,13582,1,0
172599,172604,2,1,116,1,0,0
172600,172608,2,1,8,81748,0,0
172602,172607,2,1,116,0,0,0
172603,172601,4,1,0,0,0,0
172604,172598,4,1,0,0,0,0
172605,172604,3,1,8,81744,0,0
172606,172607,3,1,8,81748,0,0
172609,172608,2,1,116,0,0,0
172610,172603,2,1,116,1,0,0
172611,172603,2,1,8,81744,0,0
172665,168641,4,1,0,0,0,0
172666,172665,3,1,289,159,0,0
172668,172667,2,1,87,15199,0,0
172669,172667,2,1,289,159,0,0
172670,172667,3,1,289,162,0,0
172672,172671,2,1,87,15204,0,0
172673,172671,2,1,289,162,0,0
172674,172671,3,1,289,165,0,0
172676,172675,2,1,87,15200,0,0
172677,172675,2,1,289,165,0,0
172678,172675,3,1,289,135,0,0
172679,168652,2,1,289,156,0,0
172680,168652,3,1,289,159,0,0
172682,172681,2,1,87,15209,0,0
172683,172681,2,1,289,159,0,0
172684,172681,3,1,289,162,0,0
172686,172685,2,1,87,15206,0,0
172687,172685,2,1,289,162,0,0
172688,172685,3,1,289,165,0,0
172690,172689,2,1,87,15202,0,0
172691,172689,2,1,289,165,0,0
172692,172689,3,1,289,135,0,0
172693,168648,2,1,289,156,0,0
172694,168648,3,1,289,159,0,0
172696,172695,2,1,87,15208,0,0
172697,172695,2,1,289,159,0,0
172698,172695,3,1,289,162,0,0
172700,172699,2,1,87,15205,0,0
172701,172699,2,1,289,162,0,0
172702,172699,3,1,289,165,0,0
172704,172703,2,1,87,15201,0,0
172705,172703,2,1,289,165,0,0
172706,172703,3,1,289,135,0,0
172707,168655,2,1,289,156,0,0
172708,168655,3,1,289,159,0,0
172710,172709,2,1,87,15210,0,0
172711,172709,2,1,289,159,0,0
172712,172709,3,1,289,162,0,0
172714,172713,2,1,87,15207,0,0
172715,172713,2,1,289,162,0,0
172716,172713,3,1,289,165,0,0
172718,172717,2,1,87,15203,0,0
172719,172717,2,1,289,165,0,0
172720,172717,3,1,289,135,0,0
173494,173493,2,1,124,0,0,0
174101,174100,2,1,289,163,0,0
174103,174102,2,1,289,137,0,0
174104,174102,3,1,289,157,0,0
174108,174107,2,1,289,157,0,0
174109,174107,3,1,289,160,0,0
174111,174110,2,1,289,160,0,0
174112,174110,3,1,289,163,0,0
174116,174115,2,1,289,136,0,0
174117,174115,3,1,289,160,0,0
176035,176034,2,1,289,157,0,0
176511,176510,2,1,289,182,0,0
176512,176510,3,1,289,183,0,0
177113,177112,2,1,328,0,0,0
177115,177114,2,1,2,94530,0,0
177116,177114,3,1,114,33219,1,0
177117,177114,8,1,0,0,0,0
177118,177117,2,1,110,65285,0,0
177119,177117,2,1,110,65284,0,0
177348,177347,2,1,87,15329,0,0
177374,177373,3,1,87,15329,0,0
177470,177469,2,1,8,364226,0,0
177472,177471,2,1,73,177347,0,0
177473,177471,3,1,8,364226,0,0
177631,177629,2,1,8,364001,0,0
177632,177629,2,1,69,60,0,0
178003,178002,2,1,73,177373,0,0
178004,178002,3,1,8,364001,0,0
178006,178005,2,1,73,177373,0,0
178007,178005,2,1,8,364001,0,0
178807,178806,2,1,99,762,225,0
178808,178806,2,1,104,33943,0,0
178864,178872,2,1,67,3905,0,0
178865,178863,2,1,8,358326,0,0
178867,178866,2,1,67,3904,0,0
178868,178866,2,1,8,358326,0,0
178869,178863,4,1,0,0,0,0
178870,178869,2,1,116,1,0,0
178871,178869,2,1,67,3904,0,0
178873,178872,2,1,116,0,0,0
179872,179871,2,1,282,643,0,0
179874,179873,2,1,2,95444,0,0
179875,179873,3,1,114,23705,1,0
179876,179873,8,1,0,0,0,0
179877,179876,2,1,110,65561,0,0
179878,179876,2,1,110,65562,0,0
179939,162596,2,1,67,35601,0,0
179940,162603,2,1,67,35601,0,0
180784,180783,3,1,160,0,0,0
180785,180783,3,1,161,0,0,0
180802,180919,2,1,67,36296,0,0
180808,180806,2,1,67,36297,0,0
180919,180796,4,2,0,0,0,0
180920,180919,8,1,0,0,0,0
180921,180920,2,1,161,0,0,0
180922,180920,2,1,160,0,0,0
180923,180796,4,1,0,0,0,0
180924,180923,3,1,160,0,0,0
180925,180923,3,1,161,0,0,0
180926,180806,8,1,0,0,0,0
180927,180926,2,1,161,0,0,0
180928,180926,2,1,160,0,0,0
181496,181495,2,1,289,137,0,0
193879,193878,2,1,160,0,0,0
193880,193878,2,1,161,0,0,0
193881,193878,2,1,162,0,0,0
193902,193901,2,1,2,98626,0,0
193903,193907,3,1,114,23705,1,0
193904,193901,8,1,0,0,0,0
193905,193904,2,1,110,66990,0,0
193906,193904,2,1,110,66991,0,0
193908,193907,3,1,114,194101,1,0
195385,195384,2,1,8,377749,0,0
197252,197251,2,1,67,37288,0,0
197253,197251,3,1,67,37305,0,0
274499,274498,2,1,8,431567,0,0
341545,341544,2,1,282,974,0,0
407917,407916,2,1,282,1091,0,0
407919,407918,2,1,282,1092,0,0
407921,407920,2,1,282,1093,0,0
407951,407950,2,1,282,1091,0,0
407952,407950,2,1,282,1092,0,0
407953,407950,2,1,282,1093,0,0
423149,423148,2,1,282,1316,0,0
423150,423148,2,1,282,1315,0,0
423151,423148,2,1,282,1314,0,0
423152,423148,2,1,282,1313,0,0
423153,423148,2,1,282,1312,0,0
427403,162574,2,1,86,62036,0,0
427404,162581,2,1,86,62037,0,0
427405,162588,2,1,86,62038,0,0
427406,162596,2,1,86,62039,0,0
427407,162603,2,1,86,64142,0,0
427775,427774,2,1,86,62036,0,0
429464,164490,2,1,2,150881,0,0
429465,164525,2,1,2,150882,0,0
429466,164519,2,1,2,150883,0,0
429467,164513,2,1,2,150884,0,0
429587,164482,2,1,2,150880,0,0
430561,430560,2,1,289,157,0,0
430562,430560,2,1,67,50728,0,0
434269,434268,2,1,124,0,0,0
434270,434268,2,1,439,1,0,0
434271,434268,3,1,439,1500,0,0
434273,434272,2,1,124,0,0,0
434274,434272,2,1,439,1,1,0
434275,434272,3,1,439,1500,1,0
434277,434276,2,1,124,0,0,0
434278,434276,2,1,439,1,2,0
434279,434276,3,1,439,1500,2,0
434960,434959,2,1,8,364001,0,0
434961,434959,2,1,69,70,0,0
435017,177629,2,1,71,69,0,0
435019,435018,2,1,2,148723,0,0
435020,435018,8,1,0,0,0,0
435021,435020,2,1,110,93823,0,0
435022,435020,2,1,110,93824,0,0
435024,435023,3,1,114,260438,1,0
435025,435023,3,1,114,260622,1,0
435026,435023,3,1,114,260221,1,0
435027,435023,3,1,114,262788,1,0
435028,435023,3,1,114,260759,1,0
435029,435023,3,1,114,260433,1,0
435854,160951,2,1,282,603,0,0
435855,160951,2,1,282,602,0,0
435856,160951,2,1,282,601,0,0
436092,177347,8,1,0,0,0,0
436093,436092,2,1,226,0,0,0
436095,177373,4,1,0,0,0,0
436096,436095,3,1,226,0,0,0
436461,436460,2,1,282,974,0,0
436462,436460,3,1,114,234465,0,0
442850,442849,2,1,282,1606,0,0
442859,442858,2,1,2,155409,0,0
442860,442858,8,1,0,0,0,0
442861,442860,2,1,110,96253,0,0
442862,442860,2,1,110,96254,0,0
442864,442863,3,1,114,273150,1,0
466244,466243,2,1,282,1949,0,0
466246,466245,2,1,282,1951,0,0
466248,466247,2,1,282,1950,0,0
466250,466249,2,1,282,1948,0,0
88,0,8,1,0,0,0,0
143,0,8,1,0,0,0,0
145,0,8,1,0,0,0,0
147,0,8,1,0,0,0,0
364,0,8,1,0,0,0,0
600,0,8,1,0,0,0,0
12028,0,8,1,0,0,0,0
117027,0,8,1,0,0,0,0
139568,0,8,1,0,0,0,0
162574,0,8,1,0,0,0,0
162581,0,8,1,0,0,0,0
162588,0,8,1,0,0,0,0
162596,0,8,1,0,0,0,0
162603,0,8,1,0,0,0,0
164482,0,8,1,0,0,0,0
164490,0,8,1,0,0,0,0
164513,0,8,1,0,0,0,0
164519,0,8,1,0,0,0,0
164525,0,8,1,0,0,0,0
164891,0,8,1,0,0,0,0
164898,0,8,1,0,0,0,0
166047,0,8,1,0,0,0,0
166053,0,8,1,0,0,0,0
166059,0,8,1,0,0,0,0
166351,0,8,1,0,0,0,0
166360,0,8,1,0,0,0,0
166376,0,8,1,0,0,0,0
166382,0,8,1,0,0,0,0
166464,0,8,1,0,0,0,0
166647,0,8,1,0,0,0,0
167007,0,8,1,0,0,0,0
167025,0,8,1,0,0,0,0
167057,0,8,1,0,0,0,0
168505,0,8,1,0,0,0,0
168641,0,8,1,0,0,0,0
168645,0,8,1,0,0,0,0
168649,0,8,1,0,0,0,0
168653,0,8,1,0,0,0,0
172598,0,8,1,0,0,0,0
172601,0,8,1,0,0,0,0
177347,0,8,1,0,0,0,0
177469,0,8,1,0,0,0,0
178806,0,8,1,0,0,0,0
178863,0,8,1,0,0,0,0
178866,0,8,1,0,0,0,0
180783,0,8,1,0,0,0,0
180796,0,8,1,0,0,0,0
193878,0,8,1,0,0,0,0
430560,0,8,1,0,0,0,0
64,0,4,1,0,0,0,0
66,0,4,1,0,0,0,0
68,0,4,1,0,0,0,0
70,0,4,1,0,0,0,0
72,0,4,1,0,0,0,0
74,0,4,1,0,0,0,0
76,0,4,1,0,0,0,0
78,0,4,1,0,0,0,0
80,0,4,1,0,0,0,0
82,0,4,1,0,0,0,0
84,0,4,1,0,0,0,0
86,0,4,1,0,0,0,0
149,0,4,1,0,0,0,0
335,0,4,1,0,0,0,0
339,0,4,1,0,0,0,0
343,0,4,1,0,0,0,0
352,0,4,1,0,0,0,0
354,0,4,1,0,0,0,0
416,0,4,1,0,0,0,0
472,0,4,1,0,0,0,0
590,0,4,1,0,0,0,0
592,0,4,1,0,0,0,0
594,0,4,1,0,0,0,0
596,0,4,1,0,0,0,0
598,0,4,1,0,0,0,0
1722,0,4,1,0,0,0,0
3704,0,4,1,0,0,0,0
4063,0,4,1,0,0,0,0
4099,0,4,1,0,0,0,0
12108,0,4,1,0,0,0,0
22189,0,4,1,0,0,0,0
23422,0,4,1,0,0,0,0
23424,0,4,1,0,0,0,0
23440,0,4,1,0,0,0,0
138132,0,4,1,0,0,0,0
140312,0,4,1,0,0,0,0
144430,0,4,1,0,0,0,0
153655,0,4,1,0,0,0,0
153658,0,4,1,0,0,0,0
153660,0,4,1,0,0,0,0
160951,0,4,1,0,0,0,0
162898,0,4,1,0,0,0,0
163000,0,4,1,0,0,0,0
163813,0,4,1,0,0,0,0
164305,0,4,1,0,0,0,0
165738,0,4,1,0,0,0,0
166163,0,4,1,0,0,0,0
166311,0,4,1,0,0,0,0
166379,0,4,1,0,0,0,0
166569,0,4,1,0,0,0,0
166571,0,4,1,0,0,0,0
166573,0,4,1,0,0,0,0
166967,0,4,1,0,0,0,0
167055,0,4,1,0,0,0,0
168233,0,4,1,0,0,0,0
168327,0,4,1,0,0,0,0
168408,0,4,1,0,0,0,0
168495,0,4,1,0,0,0,0
169504,0,4,1,0,0,0,0
170181,0,4,1,0,0,0,0
171634,0,4,1,0,0,0,0
171794,0,4,1,0,0,0,0
173493,0,4,1,0,0,0,0
174100,0,4,1,0,0,0,0
174102,0,4,1,0,0,0,0
174107,0,4,1,0,0,0,0
174110,0,4,1,0,0,0,0
174115,0,4,1,0,0,0,0
176034,0,4,1,0,0,0,0
176510,0,4,1,0,0,0,0
177112,0,4,1,0,0,0,0
177373,0,4,1,0,0,0,0
177471,0,4,1,0,0,0,0
177629,0,4,1,0,0,0,0
178002,0,4,1,0,0,0,0
178005,0,4,1,0,0,0,0
179871,0,4,1,0,0,0,0
180806,0,4,1,0,0,0,0
181495,0,4,1,0,0,0,0
195384,0,4,1,0,0,0,0
197251,0,4,1,0,0,0,0
274498,0,4,1,0,0,0,0
341544,0,4,1,0,0,0,0
407916,0,4,1,0,0,0,0
407918,0,4,1,0,0,0,0
407920,0,4,1,0,0,0,0
407950,0,4,1,0,0,0,0
423148,0,4,1,0,0,0,0
427774,0,4,1,0,0,0,0
434268,0,4,1,0,0,0,0
434272,0,4,1,0,0,0,0
434276,0,4,1,0,0,0,0
434959,0,4,1,0,0,0,0
442849,0,4,1,0,0,0,0
466243,0,4,1,0,0,0,0
466245,0,4,1,0,0,0,0
466247,0,4,1,0,0,0,0
466249,0,4,1,0,0,0,0
162974,139568,4,1,0,0,0,0
162976,139568,4,1,0,0,0,0
163002,139568,4,1,0,0,0,0
171638,139568,4,1,0,0,0,0
177114,139568,4,1,0,0,0,0
179873,139568,4,1,0,0,0,0
193901,139568,4,1,0,0,0,0
435018,139568,4,1,0,0,0,0
436460,139568,4,1,0,0,0,0
442858,139568,4,1,0,0,0,0
162990,162974,8,1,0,0,0,0
164599,163002,8,1,0,0,0,0
171636,163002,8,1,0,0,0,0
164601,164599,4,1,0,0,0,0
166661,166351,4,1,0,0,0,0
166662,166661,8,1,0,0,0,0
166367,166360,4,1,0,0,0,0
166665,166361,8,1,0,0,0,0
166386,166382,4,1,0,0,0,0
166651,166647,4,1,0,0,0,0
172695,168645,4,1,0,0,0,0
172699,168645,4,1,0,0,0,0
172703,168645,4,1,0,0,0,0
172681,168649,4,1,0,0,0,0
172685,168649,4,1,0,0,0,0
172689,168649,4,1,0,0,0,0
172709,168653,4,1,0,0,0,0
172713,168653,4,1,0,0,0,0
172717,168653,4,1,0,0,0,0
171677,171638,8,1,0,0,0,0
171645,171640,4,1,0,0,0,0
171651,171640,4,1,0,0,0,0
171655,171640,4,1,0,0,0,0
171661,171640,4,1,0,0,0,0
171665,171640,4,1,0,0,0,0
171669,171640,4,1,0,0,0,0
171673,171640,4,1,0,0,0,0
171802,171797,4,1,0,0,0,0
171808,171797,4,1,0,0,0,0
171812,171797,4,1,0,0,0,0
171818,171797,4,1,0,0,0,0
171822,171797,4,1,0,0,0,0
171826,171797,4,1,0,0,0,0
171830,171797,4,1,0,0,0,0
172607,172601,4,1,0,0,0,0
172608,172598,4,1,0,0,0,0
172667,168641,4,1,0,0,0,0
172671,168641,4,1,0,0,0,0
172675,168641,4,1,0,0,0,0
178872,178863,4,1,0,0,0,0
193907,193901,8,1,0,0,0,0
435023,435018,8,1,0,0,0,0
442863,442858,8,1,0,0,0,0
